Question,
What is the total amount spent on Restaurants?
How much was spent on Retail and Grocery in January?
List all transactions above $50.
What is the total spending on Amazon.com?
How many transactions were made at Starbucks?
What was the highest single expense in February?
Calculate the average amount spent on Transportation.
How much was spent on Uber in March?
What is the total amount spent on Personal and Household Expenses?
List all transactions made at Walmart.
How much was spent at LCBO in the first quarter?
What was the total spending in April?
How much was spent on Tim Hortons in the last three months?
How many transactions were made in May?
What is the total amount spent on Hotels?
How much was spent on Entertainment in the last 60 days?
List all transactions made at Freedom Mobile.
How much was spent on Rogers services?
What is the total amount spent on Starbucks in 2024?
How many transactions were made in June?
What was the lowest amount spent on Retail and Grocery?
Calculate the total amount spent on Best Buy.
How much was spent on Gas Stations in the first half of the year?
List all transactions with amounts greater than $100.
How many times was Ticketmaster used?
What was the total spending on Apple.com?
How much was spent on Hotel Entertainment and Recreation?
What is the average spending per transaction at Metro?
List all transactions made in February.
How much was spent on SHELL OIL?
What was the total amount spent on PayPal transactions?
List all transactions made at TESCO.
How much was spent on Digital Attractions?
What is the total amount spent on Food Basics?
Calculate the total spending on GAS STATION WOODBRIDGE ON.
How much was spent on Google services?
List all transactions made in March.
How much was spent on UBER* TRIP?
What is the total spending on PETRO CANADA?
How much was spent on Starbucks in the last 30 days?
List all transactions made in January.
How much was spent on Sheraton Hotels?
Calculate the average amount spent on McDonald’s.
How many transactions were made at LA Fitness?
What was the total spending on Netflix?
How much was spent on Transportation in April?
List all transactions with amounts less than $20.
How many transactions were made at Best Buy in May?
What is the total amount spent on Retail and Grocery in the first quarter?
How much was spent on Uber Eats in the last three months?
List all transactions made in May.
How much was spent on Amazon in the last 90 days?
What was the total amount spent on Hotel Entertainment and Recreation in March?
How many times was Apple.com used for transactions?
What is the total spending on LCBO?
How much was spent on ROGERS services in April?
Calculate the average spending per transaction at Costco.
How much was spent on SHELL OIL in the last six months?
List all transactions made in April.
How much was spent on Starbucks Coffee #1234?
What is the total amount spent on MCDONALD'S?
How many transactions were made at TESCO in June?
What was the total spending on Personal and Household Expenses in the first half of the year?
How much was spent on FOOD BASICS?
Calculate the total amount spent on GAS STATION.
How many transactions were made at Walmart in January?
What was the total amount spent on Restaurants in March?
How much was spent on PayPal in May?
List all transactions with amounts greater than $75.
How much was spent on UBER* EATS in April?
What is the total amount spent on PETRO CANADA00959?
How many transactions were made at Amazon in June?
What was the highest single expense in May?
How much was spent on Digital Attractions in February?
Calculate the average amount spent on Restaurants in January.
How much was spent on Freedom Mobile in the last six months?
List all transactions made in June.
How much was spent on Metro in the first quarter?
What is the total spending on Costco Wholesale?
How many transactions were made at Best Buy in the first half of the year?
What was the total amount spent on Hotel Entertainment and Recreation in April?
How much was spent on Transportation in January?
List all transactions made in March.
How much was spent on TICKETMASTER in the last 60 days?
What is the total amount spent on SHELL OIL WOODBRIDGE?
How many transactions were made at Freedom Mobile in May?
What was the total amount spent on Retail and Grocery in the first half of the year?
How much was spent on Amazon in February?
Calculate the total amount spent on Restaurants in June.
How many transactions were made at Costco in April?
What was the highest amount spent on Retail and Grocery?
How much was spent on PayPal in the last 90 days?
List all transactions with amounts less than $10.
How many transactions were made at Best Buy in April?
What is the total amount spent on LCBO in the last 30 days?
How much was spent on McDonald’s in the last six months?
Calculate the average amount spent on SHELL OIL in January.
How much was spent on UBER* TRIP in February?
List all transactions made in February.
How much was spent on PETRO CANADA00959 in May?
What is the total spending on UBER* EATS?
How many transactions were made at Metro in April?
What was the total amount spent on Retail and Grocery in January?
How much was spent on Netflix in the last 60 days?
Calculate the average amount spent on Restaurants in February.
How much was spent on Digital Attractions in January?
List all transactions made at Walmart in March.
How much was spent on GAS STATION in the first quarter?
What is the total amount spent on TESCO in the last three months?
How many transactions were made at Apple.com in April?
What was the total amount spent on Transportation in June?
How much was spent on SHELL OIL in the first quarter?
List all transactions made in May.
How much was spent on STARBUCKS in the last 100 days?
What is the total amount spent on Restaurants in April?
How many transactions were made at UBER* TRIP in March?
What was the total amount spent on Personal and Household Expenses in February?
How much was spent on Retail and Grocery in April?
Calculate the total amount spent on Entertainment in May.
How much was spent on Transportation in March?
List all transactions made at Amazon in April.
How much was spent on McDonald’s in the first quarter?
What is the total amount spent on Hotel Entertainment and Recreation in May?
How many transactions were made at Walmart in the last 60 days?
What was the total amount spent on SHELL OIL WOODBRIDGE in January?
How much was spent on Tim Hortons in February?
Calculate the average amount spent on GAS STATION in May.
How much was spent on Uber Eats in January?
List all transactions made in April.
How much was spent on Digital Attractions in the last three months?
What is the total spending on Restaurants in the last 90 days?
How many transactions were made at Best Buy in the first quarter?
What was the total amount spent on Hotel Entertainment and Recreation in January?
How much was spent on Transportation in February?
List all transactions made at Apple.com in January.
How much was spent on Retail and Grocery in March?
What is the total amount spent on ROGERS in the first quarter?
How many transactions were made at Freedom Mobile in June?
What was the total amount spent on Restaurants in May?
How much was spent on UBER* TRIP in April?
Calculate the total amount spent on LCBO in the last 60 days.
How much was spent on SHELL OIL in the last three months?
List all transactions made at Walmart in June.
How much was spent on Personal and Household Expenses in January?
What is the total spending on PETRO CANADA00959 in the last 30 days?
How many transactions were made at Amazon in the first quarter?
What was the total amount spent on Retail and Grocery in the last six months?
How much was spent on Netflix in January?
Calculate the average amount spent on UBER* EATS in February.
How much was spent on Transportation in the last three months?
List all transactions made in March.
How much was spent on Digital Attractions in April?
What is the total amount spent on Restaurants in the first quarter?
How many transactions were made at TESCO in January?
What was the total amount spent on Freedom Mobile in the last six months?
How much was spent on GAS STATION in the last 90 days?
Calculate the total amount spent on SHELL OIL in February.
How much was spent on Amazon in the last 30 days?
List all transactions made in February.
How much was spent on Personal and Household Expenses in the first quarter?
What is the total spending on LCBO in May?
How many transactions were made at Metro in the first half of the year?
What was the total amount spent on Retail and Grocery in the last three months?
How much was spent on ROGERS in February?
Calculate the average amount spent on Netflix in March.
How much was spent on Transportation in January?
List all transactions made at Tim Hortons in April.
How much was spent on Digital Attractions in May?
What is the total amount spent on Restaurants in June?
How many transactions were made at SHELL OIL in April?
What was the total amount spent on Entertainment in the last six months?
How much was spent on Amazon in the first half of the year?
Calculate the total amount spent on Personal and Household Expenses in March.
How much was spent on Uber Eats in the last six months?
List all transactions made at Freedom Mobile in February.
How much was spent on PETRO CANADA00959 in January?
What is the total spending on Best Buy in the last 90 days?
How many transactions were made at Walmart in the first half of the year?
What was the total amount spent on Restaurants in January?
How much was spent on Transportation in the first quarter?
Calculate the average amount spent on GAS STATION in January.
How much was spent on SHELL OIL WOODBRIDGE in the last 60 days?
List all transactions made in January.
How much was spent on Retail and Grocery in February?
What is the total amount spent on Hotel Entertainment and Recreation in the last three months?
How many transactions were made at Best Buy in March?
What was the total amount spent on LCBO in January?
How much was spent on Freedom Mobile in April?
Calculate the total amount spent on Amazon in May.
How much was spent on Restaurants in the last six months?
List all transactions made at TESCO in February.
How much was spent on Digital Attractions in June?
What is the total spending on SHELL OIL in the last 30 days?
How many transactions were made at UBER* TRIP in January?
What was the total amount spent on PETRO CANADA in the first half of the year?
How much was spent on Starbucks in the first quarter?
Calculate the average amount spent on PayPal in January.
How much was spent on GAS STATION in February?
List all transactions made in February.
How much was spent on Hotel Entertainment and Recreation in January?
What is the total spending on Tim Hortons in the last three months?
How many transactions were made at Apple.com in the first quarter?
What was the total amount spent on Freedom Mobile in January?
How much was spent on Uber Eats in February?
Calculate the average amount spent on Restaurants in March.
How much was spent on Transportation in June?
List all transactions made at SHELL OIL in March.
How much was spent on McDonald’s in January?
What is the total amount spent on ROGERS in May?
How many transactions were made at GAS STATION in the first half of the year?
What was the total amount spent on Netflix in February?
How much was spent on PETRO CANADA00959 in March?
Calculate the total amount spent on LCBO in April.
How much was spent on Amazon in January?
List all transactions made in March.
How much was spent on Digital Attractions in the last 60 days?
What is the total spending on Walmart in the last 30 days?
How many transactions were made at Best Buy in February?
What was the total amount spent on Transportation in February?
How much was spent on GAS STATION in the last six months?
Calculate the average amount spent on SHELL OIL in March.
How much was spent on Restaurants in April?
List all transactions made at Uber Eats in March.
How much was spent on Hotel Entertainment and Recreation in the last six months?
What is the total amount spent on Retail and Grocery in the last 90 days?
How many transactions were made at Metro in January?
What was the total amount spent on Tim Hortons in April?
How much was spent on UBER* TRIP in January?
Calculate the total amount spent on Transportation in the last three months.
How much was spent on McDonald’s in April?
List all transactions made in April.
How much was spent on LCBO in May?
What is the total spending on Freedom Mobile in the last 30 days?
How many transactions were made at TESCO in the last six months?
What was the total amount spent on Personal and Household Expenses in March?
How much was spent on PayPal in February?
Calculate the average amount spent on Digital Attractions in January.
How much was spent on Uber Eats in the first quarter?
List all transactions made in May.
How much was spent on SHELL OIL in January?
What is the total amount spent on GAS STATION in May?
How many transactions were made at Amazon in the last three months?
What was the total amount spent on Retail and Grocery in April?
How much was spent on Transportation in March?
Calculate the total amount spent on PETRO CANADA in February.
How much was spent on Starbucks in January?
List all transactions made at Best Buy in the last three months.
How much was spent on Freedom Mobile in February?
What is the total spending on LCBO in April?
How many transactions were made at Uber Eats in the first quarter?
What was the total amount spent on SHELL OIL WOODBRIDGE in the last 60 days?
How much was spent on UBER* EATS in January?
Calculate the average amount spent on McDonald’s in April.
How much was spent on Restaurants in February?
List all transactions made at Walmart in February.
How much was spent on Digital Attractions in the first half of the year?
What is the total amount spent on Transportation in January?
How many transactions were made at LCBO in the first quarter?
What was the total amount spent on Retail and Grocery in May?
How much was spent on Hotel Entertainment and Recreation in the last 90 days?
Calculate the total amount spent on Apple.com in January.
How much was spent on GAS STATION in March?
List all transactions made in February.
How much was spent on Uber Eats in March?
What is the total spending on Restaurants in the first half of the year?
How many transactions were made at TESCO in February?
What was the total amount spent on Digital Attractions in the last six months?
How much was spent on ROGERS in January?
Calculate the average amount spent on Netflix in April.
How much was spent on SHELL OIL WOODBRIDGE in the last three months?
List all transactions made at GAS STATION in April.
How much was spent on Personal and Household Expenses in February?
What is the total amount spent on Freedom Mobile in June?
How many transactions were made at Amazon in April?
What was the total amount spent on SHELL OIL in January?
How much was spent on UBER* TRIP in May?
Calculate the total amount spent on Retail and Grocery in the last 60 days.
How much was spent on Digital Attractions in January?
List all transactions made in January.
How much was spent on Transportation in February?
What is the total spending on Restaurants in the last six months?
How many transactions were made at Uber Eats in May?
What was the total amount spent on Freedom Mobile in March?
How much was spent on Netflix in the first half of the year?
Calculate the average amount spent on SHELL OIL in April.
How much was spent on TESCO in January?
List all transactions made at Starbucks in February.
How much was spent on GAS STATION in April?
What is the total amount spent on LCBO in February?
How many transactions were made at Metro in the first quarter?
What was the total amount spent on SHELL OIL WOODBRIDGE in January?
How much was spent on Digital Attractions in the last 30 days?
Calculate the total amount spent on Restaurants in January.
How much was spent on UBER* EATS in May?
List all transactions made in May.
How much was spent on ROGERS in the last six months?
What is the total spending on SHELL OIL in the first half of the year?
How many transactions were made at Walmart in February?
What was the total amount spent on GAS STATION in January?